15000US484910205091,0.0
15000US484910205062,0.0
15000US484910203171,0.0
15000US484910205093,0.0
15000US484910205052,0.0
15000US484910205061,0.0
15000US484910203151,0.0
15000US484530017864,0.7163345085037457
15000US484530018461,0.0771131256453839
15000US484530017862,0.6295251343817301
15000US484530018642,0.0
15000US484530017811,0.4616952444732171
15000US484910204102,0.15393899183875442
15000US484530017812,0.48483521593486223
15000US484530017852,0.2624778695680889
15000US484910204062,0.2713712553198806
15000US484910204054,0.2515555029292171
15000US484530017143,0.5570411729020622
15000US484530017851,0.056723522170315996
15000US484910204103,0.08136964164385845
15000US484910204104,0.11022700802436063
15000US484910204101,0.0
15000US484530018641,0.0
15000US484910204061,0.08546084445791136
15000US484910204113,0.0
15000US484910204112,0.018347158408031413
15000US484910204053,0.005511083270194522
15000US484910204042,0.1589288058127284
15000US484530018512,0.0
15000US484910204052,0.027849112277883854
15000US484530018513,0.006541744491269901
15000US484910204083,0.0
15000US484910204082,0.00322014115467992
15000US484910204051,0.16589818796057496
15000US484910204041,0.07884724386184584
15000US484530018511,0.018002836956095426
15000US484910204092,0.0
15000US484910204031,0.05653995515797201
15000US484910204111,0.0
15000US484910204032,0.26070185484459263
15000US484910203183,0.0
15000US484910204081,0.1939785126555288
15000US484910203181,0.0
15000US484910204091,0.01824717811995735
15000US484530018514,0.0
15000US484530017652,1.5889199302035135e-05
15000US484910203182,0.05036146533966372
15000US484910205044,0.007607417908533302
15000US484910203111,0.12947769826372357
15000US484910203162,0.047241173121854094
15000US484910205043,0.0
15000US484910205031,0.0
15000US484910205081,0.10662690513942504
15000US484910205104,0.0
15000US484910205103,0.7282950051778356
15000US484910205101,0.08827531806061106
15000US484910203112,0.0
15000US484910205071,0.0
15000US484910205082,0.0
15000US484530018222,0.6754511653468381
15000US484530017073,0.4018460946208587
15000US484530018212,0.7846390301681793
15000US484530018223,0.4043824178625414
15000US484530017062,0.5736183953826823
15000US484530017061,0.5913661533403104
15000US484530018241,0.5999858685008301
15000US484530018322,0.683812754874512
15000US484530017063,0.4418171562877026
15000US484530018213,0.3233824143169882
15000US484530018452,0.453272849451185
15000US484530018431,0.5204161367974798
15000US484530018242,0.6549174837749027
15000US484530017531,0.0
15000US484530018432,0.7441489279099291
15000US484530018491,0.0
15000US484530018353,0.5262642612264733
15000US484530017572,0.4638423859876786
15000US484530018443,0.7834665850238283
15000US484530018442,0.4219849733483973
15000US484530017161,0.14492883351105698
15000US484530018451,0.2741537903621533
15000US484530018494,0.0
15000US484530017222,0.05095400595369884
15000US484530018392,0.2893407223380897
15000US484530018261,0.17431771847920136
15000US484530018441,0.6831054139353341
15000US484530017223,0.6681286656315635
15000US484530017542,0.3590602048510717
15000US484530017552,0.47922440491110524
15000US484530017571,0.5401350548412293
15000US484530018493,0.010186310744277352
15000US484530017221,0.5667183241884218
15000US484530018492,0.344560386611282
15000US484530018262,0.6286880449194177
15000US484530017541,0.7376116024070215
15000US484530018503,0.6959094923721395
15000US484530018501,0.18597713202546684
15000US484530025001,0.7640263595406279
15000US484530025003,0.7363294032453337
15000US484530018502,0.6431485024054747
15000US484530017543,0.4944495792586966
15000US484530018291,0.21565639240390028
15000US484530025004,0.7656546726787609
15000US484530018482,0.46927366083465827
15000US484530017452,0.6586671576484364
15000US484530018483,0.3194973747383021
15000US484530018283,0.6908445898119642
15000US484530025002,0.33792801670070866
15000US484530018292,0.5604794986467222
15000US484530017551,0.7043825800162878
15000US484530018281,0.5746225411130702
15000US484530018481,0.520357026035391
15000US484530017651,0.06635603365392301
15000US484530018471,0.7375897623807632
15000US484530017141,0.20081386487699446
15000US484530017561,0.7644974749007445
15000US484530017451,0.3307629760355002
15000US484530017562,0.6613329721839349
15000US484530017823,0.6110667255025353
15000US484530018282,0.7502462269572481
15000US484530018472,0.5059056682120897
15000US484530017861,0.8971476593799028
15000US484530017822,0.5930228819487422
15000US484530018462,0.34755970969814654
15000US484530018632,0.00044620963932991034
15000US484530017142,0.4526972402190718
15000US484530018631,0.0
15000US484530017863,0.2050106993720233
15000US484530017821,0.578386336240135
15000US484530015051,0.7365579078894573
15000US484530019122,0.08853916886353681
15000US484530018341,0.07221431801947595
15000US484530015053,0.6348773507397029
15000US484530018041,0.6361776678754264
15000US484530015052,0.666421999725216
15000US484530018042,0.5669345902472135
15000US484530015014,0.618793038044688
15000US484530017832,0.014125024903141917
15000US484530018132,0.18855340642384166
15000US484530017182,0.7813425471777479
15000US484530015042,0.6713394467780134
15000US484530015041,0.35479309059056074
15000US484530018043,0.5727537091081063
15000US484530015044,0.6492719721732773
15000US484530017181,0.22712188412745438
15000US484530017193,0.10741522556448477
15000US484530017192,0.47638611452205254
15000US484530015012,0.6987544958580482
15000US484530017184,0.7732168957839923
15000US484530018131,0.39881926138690504
15000US484530018063,0.6531632348333293
15000US484530015043,0.5624621482113353
15000US484530017191,0.6591916048674441
15000US484530018064,0.32649139270238814
15000US484530015011,0.4075610252521011
15000US484530018062,0.680263486526086
15000US484530017183,0.8176251235626661
15000US484530017523,0.39849622794772155
15000US484530017611,0.09328363457222483
15000US484530018334,0.7661556012018987
15000US484530018182,0.5502686137617623
15000US484530015013,0.7996849033584238
15000US484530017521,0.5583826770179124
15000US484530018331,0.7713731138914416
15000US484530018051,0.2704615065882436
15000US484530018183,0.6360266101740805
15000US484530018052,0.62243502888631
15000US484530018061,0.714160722889959
15000US484530017522,0.6135559792349896
15000US484530017511,0.4728961003641857
15000US484530018172,0.22750005997795691
15000US484530018191,0.5675985108817935
15000US484530017602,0.031008952621289866
15000US484530018333,0.5805693062834789
15000US484530017053,0.5635018201852404
15000US484530017601,0.0513321623421716
15000US484530017052,0.7664737107628248
15000US484530018233,0.33493396680360815
15000US484530017512,0.5714557654086964
15000US484530018192,0.34404849941944354
15000US484530018203,0.5151257778351264
15000US484530018181,0.3283722471014795
15000US484530017072,0.45249323234246314
15000US484530018171,0.25709906506168323
15000US484530018231,0.8254271900238068
15000US484530018224,0.5329884875402993
15000US484530018221,0.3742021836211512
15000US484530018332,0.5415473289180928
15000US484530017051,0.37469000217548215
15000US484530018173,0.45570478070843906
15000US484530017612,0.06804432370668684
15000US484530017162,0.5446296523429904
15000US484530018202,0.21664457347129482
15000US484530017071,0.4879361987203283
15000US484530018211,0.7886642107392331
15000US484530018201,0.24726128501861086
15000US484530017054,0.5243084029166842
15000US484530018232,0.26663433300777484
15000US484530018321,0.5822339111708479
15000US484530024332,0.00784896030825934
15000US484530023191,0.0
15000US484530024331,0.0
15000US484530023101,0.0008240060686990519
15000US484530022072,0.0004026072781150833
15000US484530022071,0.010089275835963201
15000US484530023102,0.023319296058123735
15000US484530022083,0.8559813033841144
15000US484530022111,0.005920044385459204
15000US484530022101,0.00018575292096107503
15000US484530022081,0.15092268228111763
15000US484530022084,0.746835934796315
15000US484530022085,0.17970031094874603
15000US484530022082,0.33447823065395316
15000US484530022022,0.34245174193118716
15000US484530022021,0.42600004610182474
15000US484530022012,0.3652655424922759
15000US484530022121,0.014625414470672789
15000US484530022023,0.060270846871200955
15000US484530022011,0.1502213091529709
15000US484530022091,0.0
15000US484530018342,0.13392443918092886
15000US484530018562,0.00267585133154306
15000US484530018561,0.0
15000US484530018352,0.6542245761255827
15000US484530018351,0.5901542950421147
15000US484530018421,0.026179948870654907
15000US484530018391,0.17801308122780243
15000US484530018402,0.1788716691656792
15000US484530018412,0.012978895334043169
15000US484530018411,0.04881646783209321
15000US484530018401,0.1783816712197749
15000US484530018403,0.11220176924238677
15000US484530018571,0.00458172353245766
15000US484530018572,0.0
15000US484530016035,0.717286751446358
15000US484530003071,0.6139016653321128
15000US484530003061,0.053880132646294876
15000US484530005004,0.5942087558526901
15000US484530003024,0.4698000675898802
15000US484530019181,0.00041351525267201573
15000US484530002041,0.4189384711928501
15000US484530021073,0.7425782453666511
15000US484530016043,0.7911174633224624
15000US484530003025,0.40263584755727266
15000US484530019161,0.0034766303367210678
15000US484530016031,0.6813668280503288
15000US484530003023,0.7810167671401124
15000US484530003022,0.4935011203956909
15000US484530016041,0.5012473077686241
15000US484530021062,0.7626104704788292
15000US484530016032,0.6411479284782051
15000US484530019162,0.0
15000US484530021074,0.7047489303650164
15000US484530016061,0.0776768229802231
15000US484530021082,0.6625729662987044
15000US484530021063,0.5028538728264428
15000US484530002043,0.33143274182195237
15000US484530003021,0.5710557491823934
15000US484530003041,0.42470516603004327
15000US484530021051,0.5599255212386358
15000US484530016042,0.7592770836727295
15000US484530021123,0.7265441290410956
15000US484530003042,0.7111015553011472
15000US484530021042,0.7819333888151765
15000US484530021061,0.5910346809317429
15000US484530003051,0.7102362479896217
15000US484530002042,0.5255578273170936
15000US484530002031,0.033715050224476246
15000US484530001013,0.297849314682625
15000US484530003052,0.272455626617579
15000US484530019132,0.024616543983858666
15000US484530021132,0.6977495354282496
15000US484530021131,0.6468095810083928
15000US484530021052,0.5005792396964006
15000US484530021041,0.6741055210629586
15000US484530021053,0.26498264958119405
15000US484530021122,0.7340362282321932
15000US484530021121,0.7322581329066798
15000US484530019131,0.16505011584550117
15000US484530003053,0.7211657823391875
15000US484530001022,0.8602912523783308
15000US484530021133,0.6168753564446062
15000US484530015031,0.5029550930426372
15000US484530002061,0.6860936429268863
15000US484530002053,0.7939720889992156
15000US484530019121,0.028820121532340544
15000US484530017842,0.0
15000US484530002052,0.8202630604174831
15000US484530018121,0.6170333001386321
15000US484530018112,0.3488873493040615
15000US484530018111,0.338937480485822
15000US484530001011,0.38828576355347905
15000US484530001021,0.4409868852051102
15000US484530015034,0.6829579508465001
15000US484530001012,0.6533928817523006
15000US484530002063,0.29997406549829186
15000US484530015033,0.3544854092237259
15000US484530002051,0.8169482785901087
15000US484530018122,0.6998239391271903
15000US484530002062,0.7373961050839006
15000US484530017831,0.0030028146785803993
15000US484530015054,0.6578085411076801
15000US484530018123,0.6194021028410818
15000US484530015032,0.3542779053567914
15000US482090109011,0.00034328963239009655
15000US482090108052,0.0
15000US484530017331,0.0
15000US484530017681,0.0
15000US484530017841,0.0
15000US484530017422,0.0030934942323344638
15000US484530017421,2.5571459348956736e-05
15000US484530017411,0.0
15000US484530009021,0.5410899597509528
15000US484530009024,0.2550122556193902
15000US484530019174,0.11818980574571894
15000US484530013031,0.31807870525863385
15000US484530009011,0.6965225160219526
15000US484530019111,0.1938041969300139
15000US484530009012,0.3285981753533112
15000US484530008011,0.548943010275122
15000US484530019102,0.6169563044445296
15000US484530021111,0.6884772856915476
15000US484530019104,0.6742627228578185
15000US484530011001,0.010375776737686037
15000US484530008023,0.3952437856961252
15000US484530021102,0.6729160454730676
15000US484530008041,0.658989167656026
15000US484530008042,0.581436530931762
15000US484530012002,0.16560433619895915
15000US484530008022,0.738277307814763
15000US484530019193,0.25631551883583337
15000US484530012003,0.737355291396772
15000US484530021101,0.4661485769713527
15000US484530019191,0.0340729918791096
15000US484530008033,0.34764864383038274
15000US484530008032,0.6563732574326682
15000US484530007001,0.22361884307063512
15000US484530008031,0.5005559319930417
15000US484530019172,0.0
15000US484530008021,0.6352475356620525
15000US484530012001,0.4846190847356649
15000US484530021092,0.6366774381583059
15000US484530019101,0.17834937239558515
15000US484530019192,0.017973805480816236
15000US484530021093,0.6841737466567583
15000US484530004023,0.6363252784238529
15000US484530019081,0.17410953558527648
15000US484530016054,0.6541664782248713
15000US484530016023,0.6441793456684696
15000US484530016022,0.5882776967721058
15000US484530021091,0.5862388842758854
15000US484530016053,0.47282467048262866
15000US484530004022,0.43587945578386117
15000US484530006041,0.44105712715724815
15000US484530019173,0.0
15000US484530006042,0.33106693299891143
15000US484530006043,0.4680510745318239
15000US484530006012,0.19180433107371675
15000US484530019182,0.0
15000US484530016052,0.72733863642463
15000US484530004012,0.4148616309435056
15000US484530004021,0.6837169127225976
15000US484530016021,0.34083649787228437
15000US484530004011,0.6005772576216355
15000US484530006034,0.3917183218040752
15000US484530019171,0.11345120779516546
15000US484530006033,0.6753930804310943
15000US484530021071,0.3663355448621824
15000US484530016051,0.6765626847507448
15000US484530006032,0.5240180262032624
15000US484530006035,0.41893220896267824
15000US484530005003,0.6512990301418484
15000US484530005001,0.5288540997812547
15000US484530006011,0.5200100279318822
15000US484530016034,0.6897775000390258
15000US484530006031,0.47900270814808604
15000US484530016044,0.7590217759130764
15000US484530021072,0.7298316060314144
15000US484530016033,0.7093805447495546
15000US484530005002,0.6572726716625279
15000US484530021081,0.4066754178930573
15000US484530017492,0.75183942049249
15000US484530023083,0.6959877366556014
15000US484530023162,0.4255558149501368
15000US484530023122,0.5460281279064851
15000US484530023141,0.29853271074899634
15000US484530013082,0.5915416620667833
15000US484530023182,0.6174759323046941
15000US484530020052,0.3440730785009831
15000US484530013071,0.4953381692525505
15000US484530017493,0.2903651160901553
15000US484530020042,0.2375008994439361
15000US484530023082,0.31934799766274735
15000US484530023152,0.7336746221109246
15000US484530023181,0.14951656530929122
15000US484530023163,0.19973627907782243
15000US484530023121,0.5277386029783732
15000US484530023151,0.7488489120528798
15000US484530020053,0.7931999227212971
15000US484530013081,0.6216416934580048
15000US484530014031,0.3937805587532894
15000US484530020051,0.5629566395445887
15000US484530023043,0.0
15000US484530020041,0.2919897860337165
15000US484530023081,0.6041826579986268
15000US484530017691,0.38354057576614997
15000US484530014023,0.6907415597258992
15000US484530013073,0.7114828758254278
15000US484530013084,0.45815574486366145
15000US484530023161,0.10816282865237867
15000US484530023171,0.37569731410664947
15000US484530013072,0.3728062080058057
15000US484530013041,0.6589372962041675
15000US484530014032,0.5562791782605984
15000US484530019151,0.3290315894132884
15000US484530014022,0.6127889790779345
15000US484530023172,0.0049810621570722845
15000US484530023042,0.0
15000US484530023041,0.0
15000US484530019012,0.7166714658498963
15000US484530014012,0.5557433768541234
15000US484530013053,0.583829764638333
15000US484530019143,0.22740754746465194
15000US484530013052,0.683700642180803
15000US484530017692,0.2845068437660217
15000US484530019142,0.44268359733041246
15000US484530014021,0.46553083494845493
15000US484530013044,0.4920381009761929
15000US484530010004,0.22026182067568692
15000US484530013043,0.7565537364142305
15000US484530019112,0.4302157678464
15000US484530019013,0.7621248723480831
15000US484530010005,0.41589888763672417
15000US484530010003,0.6598268965593247
15000US484530021112,0.2301998250648376
15000US484530013054,0.6195775500955497
15000US484530013042,0.7755692400051534
15000US484530014011,0.3795803875403638
15000US484530021113,0.32044580459245836
15000US484530013032,0.3971487537624231
15000US484530010002,0.6965056972417465
15000US484530009023,0.7016932767120287
15000US484530011002,0.0034925017069289666
15000US484530009022,0.3715302762381788
15000US484530013051,0.17740691099250505
15000US484530019082,0.37175158342160003
15000US484530019103,0.3257747424036851
15000US484530013033,0.7888001692999618
15000US484530010001,0.6155731379940618
15000US484530019011,0.6189305393561204
15000US484530019141,0.15214021433422314
15000US484530017284,0.39429830369884206
15000US484530017283,0.6910450735753044
15000US484530017285,0.6913271051477807
15000US484539800001,0.010143657620945656
15000US484530024192,0.2772462025970391
15000US484530017401,0.41973100418633263
15000US484530017701,0.3500679670489263
15000US484530024023,0.8016187170667032
15000US484530024113,0.7670138617818323
15000US484530024131,0.6657873851623325
15000US484530017293,0.6598815544893508
15000US484530024112,0.31968204552390883
15000US484530017282,0.7413674125425281
15000US484530024311,0.10158273549919207
15000US484530024132,0.8136560600134172
15000US484530024024,0.40527005859463106
15000US484530024102,0.6166169169499215
15000US484530017281,0.6721533837824243
15000US484530024022,0.7770615137754818
15000US484530024093,0.7169662413705153
15000US484530017291,0.33588755964677264
15000US484530017292,0.6504721528191141
15000US484530017771,0.5847882877603214
15000US484530024111,0.08052666469167731
15000US484530017372,0.2992208388826651
15000US484530024092,0.7417005828511688
15000US484530024312,0.05417031489358694
15000US484530017772,0.7639090900326687
15000US484530024032,0.5241263446499353
15000US484530017132,0.640519896742201
15000US484530017131,0.67437115832878
15000US484530024101,0.5523361749369814
15000US484530024021,0.7392840683853914
15000US484530017762,0.8077906117601107
15000US484530024091,0.5245490928210803
15000US484530017761,0.6180709744763483
15000US484530017133,0.72307038416507
15000US484530017385,0.3497986194977292
15000US484530024031,0.22721606215179438
15000US484530017503,0.5572173076578761
15000US484530017384,0.7074303968289424
15000US484530017123,0.6123964329850207
15000US484530020032,0.8012473989098912
15000US484530020031,0.54208101653542
15000US484530023073,0.7012724031679811
15000US484530017383,0.6786986190023561
15000US484530017373,0.630203450501034
15000US484530023131,0.3839842914503518
15000US484530017122,0.692128623861372
15000US484530017382,0.5287054998019802
15000US484530020022,0.793940869638558
15000US484530023071,0.44878513306339896
15000US484530023072,0.217984202761093
15000US484530023084,0.2264333572755964
15000US484530017502,0.08898981776024627
15000US484530023132,0.7466032475192481
15000US484530020021,0.6671205051503319
15000US484530023142,0.16409657485426737
15000US484530017501,0.181821775449591
15000US484530017381,0.6367069959983122
15000US484530023123,0.28421003277859175
15000US484530017332,0.0
15000US484530017121,0.5476775404963976
15000US484530013083,0.4477725719922132
15000US484530023143,0.41239331940816004
15000US484530017494,0.6140614789408726
15000US484530023074,0.44462148212605795
15000US484530023144,0.575578075482889
15000US484530017491,0.39894053927433487
15000US484530017371,0.6195680673502735
15000US482090109081,0.0
15000US484530024341,0.0
15000US482090109022,0.0
15000US484530024322,0.0
15000US484530024072,0.0001394393816442841
15000US484530024281,0.06231103214967111
15000US484530024282,0.1255541507851994
15000US484530017721,0.0395606413970323
15000US484530024261,0.12128383577197041
15000US484530024071,0.17422720962679383
15000US484530017722,0.04028366615071855
15000US484530024252,0.22233860859168694
15000US484530024321,0.019923811632459983
15000US484530017743,0.2616635633838824
15000US484530024212,0.09778962163216284
15000US484530017742,0.43443939800023645
15000US484530024251,0.4192647767577536
15000US484530017751,0.026420595512153974
15000US484530024211,0.3108274872060189
15000US484530017741,0.005594752800298808
15000US484530017482,0.27782607391845415
15000US484530024262,0.09792524130613242
15000US484530024291,0.2352545709788792
15000US484530017752,0.0
15000US484530024302,0.1476938658249801
15000US484530024213,0.2059447059144272
15000US484530017481,0.40365621771617494
15000US484530024303,0.253435464211309
15000US484530024301,0.07464528982238677
15000US484530024272,0.6075275632359268
15000US484530024313,0.3722822669219227
15000US484530024233,0.6869520044953936
15000US484530017471,0.5310294917758618
15000US484530024231,0.7880401315584618
15000US484530024232,0.5967059216926356
15000US484530024222,0.3748695345641254
15000US484530024273,0.396032945264724
15000US484530017472,0.7763746008764033
15000US484530024223,0.459098704700086
15000US484530024271,0.7626275010710595
15000US484530017462,0.5483496307369672
15000US484530024274,0.4686286737964232
15000US484530017473,0.7095953785119766
15000US484530017402,0.31586258666873696
15000US484530017702,0.20782921051484754
15000US484530024122,0.6541538165072859
15000US484530024191,0.76827728775522
15000US484530017461,0.5568899261660898
15000US484530017703,0.0
15000US484530024133,0.382279675044674
15000US484530024221,0.6501240900423542
15000US484530024121,0.7396751596738866
15000US484530024123,0.7447257671793169
15000US484530024241,0.4031673598999666
15000US484530024242,0.5896758653660179
15000US484530024361,0.0
15000US480219508013,0.0
15000US484530024351,0.02398627806353604
15000US480219503001,0.0
15000US484530024352,0.06354257723031727
15000US481130091053,0.6680212456326033
15000US481130092013,0.8062017247984292
15000US481130092014,0.9983532043717779
15000US481130119003,0.9825279877143936
15000US481130119005,0.08332950483391048
15000US481130092012,0.7233355077330343
15000US481130119002,0.8781617127308858
15000US481130091041,0.9703413288678591
15000US481130092011,0.7679895200228767
15000US481130119006,0.9217308577888814
15000US481130091042,0.8874478286731475
15000US481130090004,0.7447348421295155
15000US481130090003,0.7630970471401356
15000US481130120004,0.9061576989516386
15000US481130176051,0.9993462961909403
15000US481130091014,0.7968221333946971
15000US481130120001,0.9153548406454451
15000US481130091012,0.8429009135824377
15000US481130091013,0.9999782249545861
15000US481130176061,0.0108783495651165
15000US481130120003,0.9943244611862917
15000US481130176052,0.9287642184642769
15000US481130090001,1.0
15000US481130120002,0.9089353714433432
15000US481130090002,0.767059087743693
15000US481130091011,0.8066537539215421
15000US481130121003,0.5667456646346384
15000US481130176021,0.0030464509399606293
15000US481130121001,0.8797662074978773
15000US481130085004,0.7227798071705885
15000US481130085003,0.8530872198878452
15000US481130090005,0.5802921741776484
15000US481130176022,0.0
15000US481130121002,0.48234161473389986
15000US481130085001,0.4223175022174644
15000US481130169021,0.004897667470291184
15000US481130170013,0.35802298829451756
15000US481130170033,0.037129211529136695
15000US481130171021,0.6272871795024649
15000US481130170042,0.5787982050448651
15000US481130170043,0.38553163151277775
15000US481130116023,0.9360416713542428
15000US481130116022,0.9391913901327674
15000US481130171012,0.7083623166981228
15000US481130116012,0.9981690829304932
15000US481130170041,0.31989287349429524
15000US481130117023,0.43538315036909897
15000US481130171011,0.5737834155513373
15000US481130116021,0.8622260683237076
15000US481130117014,0.6659406283897523
15000US481130116011,0.7870390572677097
15000US481130173012,0.0029033999730718706
15000US481130116024,0.30961807435628436
15000US481130117012,0.8415906042900968
15000US481130117013,0.9224370561445282
15000US481130117021,0.06374162757583396
15000US481130117022,0.9805394682973122
15000US481130117011,0.8605077462026895
15000US481130093042,0.7777841877386421
15000US481130093041,0.2980040665988661
15000US481130092023,0.9734945876443953
15000US481130118005,0.9903909173493918
15000US481130093011,0.6645111105122465
15000US481130118001,0.0843575185637878
15000US481130118003,0.8595827793352474
15000US481130118002,0.9095961800499144
15000US481130118004,0.9185008241912248
15000US481130093012,0.9677578928792104
15000US481130092022,0.7227225564461793
15000US481130092021,0.8976964419585259
15000US481130093013,0.7970356471321938
15000US482570502011,5.30070384603468e-05
15000US481130092015,0.9304361012117746
15000US481130091051,0.9669848168500751
15000US481130091052,1.0
15000US481130119001,0.8117583541572359
15000US481130119004,0.8267094988225208
15000US481130110015,1.0
15000US481130110021,0.7391816088087936
15000US481130112002,0.6950578256332934
15000US481130110013,0.7607437764130992
15000US481130110023,1.0
15000US481130114011,0.7544856424675145
15000US481130087052,0.9482176491025258
15000US481130110022,0.9995085615908205
15000US481130110012,0.9996813265360002
15000US481130059016,1.0
15000US481130059015,0.9470792483591846
15000US481130087051,0.950911012693528
15000US481130110011,0.9140350965155254
15000US481130059014,1.0
15000US481130057001,0.8659100646011945
15000US481130087043,0.8866846673188318
15000US481130059022,0.7216812222396456
15000US481130087015,0.8928901325946591
15000US481130059012,0.9409981655634967
15000US481130087042,0.780871232841863
15000US481130059013,1.0
15000US481130060023,0.6727208835028519
15000US481130061001,0.9467430859938514
15000US481130061002,0.7515384885038852
15000US481130087041,0.9891867304124705
15000US481130057004,0.8709997209226332
15000US481130060021,0.36081544273345945
15000US481130087014,0.871613580288744
15000US481130060022,0.1602949134398551
15000US481130060011,0.5700420840834056
15000US481130087032,0.9887318757115047
15000US481130057003,0.7665173819630361
15000US481130059011,1.0
15000US481130059021,0.8795867843209357
15000US481130087013,1.0012757162798327
15000US481130202001,0.09128948033417873
15000US481130116013,0.18124972069019632
15000US481130088024,1.0000127116469657
15000US481130087012,0.9820537369111734
15000US481130087031,0.942866958071983
15000US481130057002,0.8829727432115689
15000US481130056003,0.7737103016969341
15000US481130088025,0.9852342124006715
15000US481130060012,0.975892970380574
15000US481130063016,0.860311441081267
15000US481130088023,0.7519809145423373
15000US481130063015,1.0
15000US481130060013,0.9997885438206873
15000US481130056002,0.9190407871156271
15000US481130088026,0.8407793217464498
15000US481130056004,0.8759129985233436
15000US481130087011,0.8448837328561931
15000US481130088022,0.9324536206373163
15000US481130088013,0.7513269121168173
15000US481130088021,0.900400130106692
15000US481130093043,0.9735048990365437
15000US481130088012,0.9999295481564944
15000US481130086041,0.6922042256156744
15000US481130093044,0.8668640590466192
15000US481130063011,1.0
15000US481130062004,0.9665076052267748
15000US481130055004,0.8536856958657294
15000US481130062005,0.7589347142486277
15000US481130063014,0.9197983236476538
15000US481130063013,1.0
15000US481130063012,1.0
15000US481130056001,0.8591230716185502
15000US481130086042,0.7149643528085813
15000US481130054002,0.8772312261901798
15000US481130063023,0.9507608543543294
15000US481130169031,0.0
15000US481130170014,0.11462278216978675
15000US481130170012,0.0
15000US481130171022,0.6533416427860183
15000US480850312021,0.03748848292970651
15000US480850313102,0.17669812329337634
15000US483970401012,0.5173078985394037
15000US481130181242,0.0
15000US483970401011,0.33180660534588746
15000US481130181241,0.00604523780865427
15000US483970401021,0.6896134106781477
15000US483970401022,0.41539094248319386
15000US483970402001,0.0
15000US481130185051,0.853257093964981
15000US481130096091,1.0
15000US481130096092,0.8883561539002379
15000US481130185031,0.7793197099029726
15000US481130185033,0.9426913623589784
15000US481130078102,0.3327483129343918
15000US481130185052,0.44950321805889426
15000US481130190352,0.7953688626611678
15000US481130190353,0.6033162803830887
15000US481130078101,0.8321714159608142
15000US481130190194,0.9637412833663139
15000US481130096031,0.9988659325333864
15000US481130096081,0.9984629159178391
15000US481130190193,0.9951774682027101
15000US481130190351,0.9999999999994742
15000US481130132004,0.5039040241607575
15000US481130078041,0.2442475007188578
15000US481130096043,0.929992495576392
15000US481130190192,0.6558853447926422
15000US481130096033,0.6936260425775678
15000US481130096083,0.8396567520471411
15000US481130078043,0.8018257172968252
15000US481130132002,0.9118864978626394
15000US481130078044,0.7496589322566841
15000US481130132003,0.31022150435629214
15000US481130190163,0.32027435440079055
15000US481130078042,0.8898973021719447
15000US481130190191,0.6679753397361663
15000US481130190342,0.9021646642446705
15000US481130096042,0.21503115619204563
15000US481130190341,0.8839840409970758
15000US481130190161,0.0
15000US481130190162,0.004834267330448789
15000US481130096032,0.7434187893101717
15000US481130096082,0.667195522680222
15000US481130132001,0.49460671805879
15000US481130096041,0.6394579556773577
15000US481130138043,0.10138609377942237
15000US481130190183,0.9856708958588687
15000US481130096044,0.7859143688655786
15000US481130190181,0.9586549214889785
15000US481130192081,0.8956357583343452
15000US481130190182,0.8970423649745638
15000US481130190411,0.014404182356070922
15000US481130190413,0.014904999278847409
15000US481130136104,0.9062198744499842
15000US481130190412,0.028445455108225024
15000US481130136152,0.0
15000US481130192123,0.9999999999992689
15000US481130136103,0.9999282558493516
15000US481130192083,0.7747420340038292
15000US481130190401,0.012988968399664765
15000US481130138061,0.00042082425137461273
15000US481130136082,0.7697476347507695
15000US481130192131,0.8113077428603225
15000US481130136261,0.0
15000US481130192121,0.9976692635246825
15000US481130190396,9.415642464626094e-05
15000US481130190404,0.0019941403130383415
15000US481130136101,0.8466973795504706
15000US481130190391,0.0008082180580653829
15000US481130192082,0.5002590317924998
15000US481130136102,0.981553290425534
15000US481130136262,0.3681356533099258
15000US481130136151,0.7587220355921506
15000US481130136153,0.5840855716398666
15000US481130181331,0.30208379599557617
15000US481130181341,0.014073540019560937
15000US483970403013,0.7727409958280191
15000US483970403024,0.665184892137448
15000US481130190333,0.0
15000US481130190046,0.02090715171617413
15000US481130181244,0.19881681994143452
15000US481130181403,0.11809026598931764
15000US483970403023,0.6113911706738413
15000US481130190044,0.03020674828533195
15000US481130190043,0.03304636969562991
15000US481130128006,0.6452941658005964
15000US481130181371,0.5209358773833371
15000US481130181411,0.8219928589079837
15000US481130130103,0.5858438809149477
15000US481130130073,0.872501182666797
15000US481130130072,0.9116866171850828
15000US481130181184,0.4566314354299639
15000US481130130101,0.1544380914673072
15000US481130130102,0.8744486226820912
15000US483970405042,0.7835012444930464
15000US481130130112,0.5483039764668596
15000US481130130071,0.9818482309362976
15000US481130130111,0.9021982237184496
15000US481130181362,0.02965807071878079
15000US481130181361,0.6472979917627564
15000US481130130113,0.2551410427741566
15000US481130181351,0.5533946928317992
15000US481130181365,0.48994468034495003
15000US481130181102,0.19354009015086487
15000US483970405043,0.0061686405816271115
15000US481130185011,0.0
15000US481130185061,0.033037486433683524
15000US481130125002,1.0
15000US481130125004,0.9991082220754529
15000US481130179002,0.09318901745998005
15000US481130125005,0.9336975695073209
15000US481130081002,0.9145165842631642
15000US481130124005,0.8456430573055116
15000US481130124003,0.7747002975090255
15000US481130125003,0.7762294257353229
15000US481130124002,0.826351395982349
15000US481130082003,0.9034808544086457
15000US481130178081,0.005775680158756392
15000US481130180013,0.15594489639557532
15000US483970405041,0.4822740754088917
15000US481130181302,0.0008208452762097038
15000US481130124001,0.9933996623633168
15000US481130181323,0.08617598384364537
15000US481130180011,0.010426507450635785
15000US481130082004,0.612898417961557
15000US481130125001,0.9270616344691965
15000US481130127022,0.8320460951663353
15000US481130126032,0.999832465944413
15000US481130181321,0.03137877729557822
15000US481130127023,0.9491932502507041
15000US481130127021,0.9678349969111831
15000US481130082002,0.5011226171796573
15000US481130181291,0.004339618819407814
15000US481130126031,0.9463774155372932
15000US481130181421,0.7129814322311187
15000US481130181301,0.00818842957719601
15000US481130126042,0.9472239604167525
15000US481130128002,0.6991408405365829
15000US481130127012,0.9561569471622388
15000US481130082001,1.0
15000US481130127013,0.7682011897115112
15000US481130126012,0.927128195159864
15000US481130127014,0.9534936257798408
15000US481130126041,0.8379744388018511
15000US481130128005,0.7662158716836769
15000US481130181272,0.0
15000US481130128001,0.8075648995487055
15000US481130181265,0.0
15000US481130181412,0.643532617309093
15000US481130181271,0.0
15000US481130126013,0.5066489518445327
15000US481130129001,0.847489552693831
15000US481130128003,0.9983896778247714
15000US481130126011,0.45212949352700504
15000US481130128004,0.9284531712113909
15000US481130127011,0.28242935906499167
15000US481130181413,0.011300524908366827
15000US481130024001,0.8776037563793049
15000US481130012042,0.00012870299560581466
15000US481130122045,0.5820049679232915
15000US481130017033,0.003395342691251464
15000US481130018002,0.0
15000US481130122081,0.8909812994456691
15000US481130015033,0.3147479595408347
15000US481130015043,0.6785241368560825
15000US481130013023,0.028974778266408846
15000US481130012041,0.01082296956590749
15000US481130013021,0.5020705908640858
15000US481130016002,0.27771213729364724
15000US481130015042,0.5512900848917899
15000US481130013022,0.0
15000US481130122043,0.8004065112441189
15000US481130012032,0.49224712474064686
15000US481130017031,0.43747594808550894
15000US481130012021,0.7999112636819943
15000US481130014002,0.248275124409735
15000US481130005002,0.0
15000US481130015032,0.5484900828620314
15000US481130012031,0.11237741450844504
15000US481130008004,0.48477364354783237
15000US481130013011,0.6505950363014992
15000US481130004013,0.0029845605424287038
15000US481130015041,0.7884000782952002
15000US481130008005,0.660850258119743
15000US481130018001,0.0
15000US481130012022,0.00018334030660518234
15000US481130013013,0.0032686025675258412
15000US481130014001,0.0
15000US481130015031,0.853596830061051
15000US481130122092,0.6451265113193853
15000US481130012023,0.018238202470234232
15000US481130008003,0.9888699892330578
15000US481130013012,0.7924142320052531
15000US481130006052,0.0
15000US481130005003,0.0
15000US481130014003,0.1538906538139341
15000US481130009004,0.5159996383655304
15000US481130014004,0.0
15000US481130005004,0.0
15000US481130007012,0.0
15000US481130008002,0.30292814154656617
15000US481130011011,0.7348334173730628
15000US481130004012,0.0
15000US481130009003,0.4908207563435196
15000US481130006063,0.0
15000US481130004052,0.0
15000US481130001002,0.4890525961941656
15000US481130081004,0.2623596517464611
15000US481130008001,0.8948639734486759
15000US481130006051,0.0
15000US481130010022,0.5524318406525367
15000US481130011013,0.702764866099108
15000US481130007011,0.0
15000US481130005001,0.0
15000US481130004011,0.0319961853587136
15000US481130009002,0.536487037889538
15000US481130011023,0.5090313183358278
15000US481130004051,0.0
15000US481130006062,0.0
15000US481130004044,0.0
15000US481130006033,0.0
15000US481130006061,0.0
15000US481130009001,0.6371110210723933
15000US481130010021,0.36242465435986526
15000US481130006031,0.0
15000US481130081003,0.5529665591200291
15000US481130001003,0.5003428716807012
15000US481130085002,0.8558417201105983
15000US481130181041,0.0010522017193584279
15000US481130122073,0.6340153735359406
15000US482570502012,0.3727831451797115
15000US481130178051,0.0
15000US481130122071,0.07589375673146767
15000US481130122072,0.5426848273905301
15000US481130178052,0.04592876572671438
15000US481130122044,0.7930263921073629
15000US481130122113,0.2082427313550169
15000US481130122112,0.515874935212015
15000US481130178062,0.01606447002867894
15000US481130123023,0.2777119942603358
15000US481130122111,1.0
15000US481130122042,0.9990513541385693
15000US481130122041,0.946419132059867
15000US481130123021,0.8626082577531208
15000US481130122102,0.7910070015973519
15000US481130123022,0.9372760630665039
15000US481130122101,0.5975040637611118
15000US481130179003,0.01993434464843214
15000US481130181042,0.23532860174675313
15000US481130123013,0.8974546187241534
15000US481130122091,0.9238040758834265
15000US481130123011,0.9977550300906183
15000US481130123012,0.7203202967867142
15000US481130124006,0.9357589595924296
15000US481130124004,1.0000156643696172
15000US481210216321,0.0
15000US480850317142,0.4835535657921881
15000US480850317172,0.05250500212229464
15000US480850317091,0.25078905192478246
15000US480850317132,0.99978277731286
15000US480850317141,0.004621509976677296
15000US480850317151,0.7215029854451644
15000US481210216341,0.7262936821961589
15000US480850317123,0.38599229552664294
15000US480850317171,0.003717094952070548
15000US481210216352,0.9054781815156087
15000US481210216342,0.9964943218488173
15000US480850317092,0.5918203833857218
15000US480850317152,0.9670414171784372
15000US480850317143,0.46750685135654585
15000US480850317122,0.6086889510712008
15000US480850317144,0.44793004140851067
15000US480850317121,0.0
15000US480850317124,0.07142974069348254
15000US481210216323,0.0012687874066758327
15000US480850316492,0.017989183435617596
15000US481130141231,0.0026465347582297406
15000US481130137222,0.0
15000US481210216154,0.0076262699759090564
15000US481210216371,0.6533357545180312
15000US481210216382,0.7633788970782474
15000US481210216372,0.3801653576491351
15000US481210216152,0.01757964801089874
15000US481210216381,0.9974029347003618
15000US481210216373,0.517725473106458
15000US481210216151,0.005220238684387546
15000US481210216163,0.9578685863907792
15000US481210216162,0.3482064879325743
15000US481210216161,0.9356982847621975
15000US481130136203,0.9979164330642761
15000US481130136193,0.9231097447264457
15000US481130136191,0.8573749467402751
15000US481130136161,0.03687447193817616
15000US481130136192,0.8603374650959346
15000US481130137271,0.006601816867877239
15000US481130136051,0.9899324330292308
15000US481130136112,0.5957569571377381
15000US481130136052,0.9426076869865929
15000US481130136173,0.8576510693442098
15000US481130137221,0.023968207709313946
15000US481130192061,0.0
15000US481130192051,0.050487931962314665
15000US481130136111,0.8812432367999024
15000US481130136181,0.9830749574684535
15000US481130136182,0.996609370629034
15000US481130136171,0.9941122109811363
15000US481130136172,0.7762242104712506
15000US480850317203,0.7392544663425296
15000US480850317201,0.9955617189987922
15000US480850317044,0.9665330586751901
15000US480850317043,0.8258120122408118
15000US481210216361,0.9684114394233843
15000US480850317202,0.4395471486562027
15000US481210216363,0.999966804874962
15000US480850317181,0.8770299495276384
15000US480850317182,0.14633170613205967
15000US481210216364,0.5406289867315872
15000US480850317083,0.6267996522473923
15000US480850317081,0.8606960813208765
15000US480850317082,0.47032330425886143
15000US480850318044,0.0
15000US480850317062,0.9858037362471845
15000US480850317061,0.8843549376525746
15000US480850317192,0.9982542200244403
15000US480850317191,0.9316731722556209
15000US480850317042,0.7184128608257063
15000US481210216365,0.8613309376130768
15000US481210216362,0.9501955286736109
15000US480850317041,0.8704548823445107
15000US480850318043,0.09517968930652888
15000US481210216351,0.5894342489419128
15000US480850317161,0.2550717061127845
15000US481210216343,1.0
15000US480850317111,0.9276823844794168
15000US480850317134,0.8977695598081229
15000US481210216353,0.9739219701386738
15000US480850317162,0.9998576799725641
15000US480850317131,0.8201747717919784
15000US480850317112,0.6594064458175075
15000US480850317133,0.15987444706107343
15000US480850317093,0.4321441185600921
15000US481130141271,0.2487348882468269
15000US481130141321,0.006589475818258759
15000US481130141213,0.016495461249400878
15000US481130140022,0.010348792869866641
15000US481130141193,0.01157209483794572
15000US481130141201,0.012182987819015877
15000US481130141214,0.02031374361384987
15000US481130141203,0.026645401960178294
15000US481130192132,0.8628014325696892
15000US481130192122,0.4191524398947072
15000US481130138062,0.025209507822452282
15000US481130136163,0.01639707661322396
15000US481130136233,1.0000000000000193
15000US481130136231,0.9966137093497436
15000US481130136242,0.466714127181666
15000US481130136251,0.16424769332701294
15000US481130192025,0.0
15000US481130192022,0.0
15000US481130192046,0.0
15000US481130136093,0.768932856089071
15000US481130136252,0.027498897885177585
15000US481130192045,0.0
15000US481130192024,0.0
15000US481130192044,0.0
15000US481130136081,0.9070058009452169
15000US481130136232,0.9653068483664354
15000US481130136243,0.0
15000US481130136092,1.0000000000000286
15000US481130136091,0.8259407125991373
15000US481130136221,0.13708786628599998
15000US481130192043,0.0
15000US481130136222,0.16555754131079717
15000US481130136241,0.07938671931910712
15000US481130136073,0.9999999999999388
15000US481130136074,0.8547660312271986
15000US481130136213,0.8006754286592173
15000US481130136061,1.0000000000000084
15000US481130136063,0.811547954969598
15000US481130136062,0.9978209240866281
15000US481130136212,0.7287699212009983
15000US481130136072,1.000000000000092
15000US481130136071,0.9568148116411236
15000US481130136201,0.09208170103997848
15000US481130136054,0.9288829294726882
15000US481130136211,0.5093035584395277
15000US481130136202,0.6124464360608785
15000US481130136053,0.9385752317200171
15000US481130192053,0.0
15000US481130098022,1.0000000000000737
15000US481130098032,0.0399255645638775
15000US481130098041,0.9999998776142772
15000US481130098044,0.8531512550716367
15000US481130098033,0.6314944217591187
15000US481130098021,0.9377758077109662
15000US481130098031,0.9957141779197163
15000US481130099002,0.09184683763085506
15000US481130097021,0.5562816088385033
15000US481130097013,0.915072673420347
15000US481130097012,0.08846355684398827
15000US481130141381,0.0
15000US481130097022,0.9839274113843512
15000US481130097011,0.9209017841013596
15000US481130096113,0.7193211920489168
15000US481130096102,0.07524162007017991
15000US481130096073,1.0
15000US481130096112,0.9997049905970703
15000US481130096071,0.8966212779891904
15000US481130099001,0.024145057992673517
15000US481130141382,0.00035742750764729964
15000US481130096072,0.7872530891435097
15000US481130096103,0.0857863519657184
15000US481130096101,0.8534617789066522
15000US481130096111,0.6536382020054009
15000US481130096052,0.7007599724186565
15000US481130096051,0.6680275864004063
15000US481130140011,0.16311259342421686
15000US481130138041,0.029711828143227037
15000US481130141291,0.0
15000US481130140021,0.0024883694691335526
15000US481130141301,0.03818020485749081
15000US481130077003,1.00000000000001
15000US481130078221,0.42325077734569405
15000US481130130041,0.8397441323060121
15000US481130130052,0.9566824869555995
15000US481130094022,1.0000000000000022
15000US481130078012,0.9996630859998521
15000US481130077001,0.9999999999999958
15000US481130094013,0.9485384404527278
15000US481130078152,0.502847149035471
15000US481130078153,0.9712529906291832
15000US481130078272,0.5429996043123245
15000US481130078273,0.6634517826829813
15000US481130078241,0.8100372593058682
15000US481130130093,0.9645272228713507
15000US481130130082,0.9015237684594006
15000US481130076042,0.926591669104146
15000US481130078122,0.9788782941972992
15000US481130131041,0.512181725402334
15000US481130130051,0.8054599526188944
15000US481130131021,0.6377754849106813
15000US481130131042,0.7727093223818555
15000US481130078222,0.42462294221978986
15000US481130095001,0.7305553984446485
15000US481130076012,0.9109261984871442
15000US481130078233,0.1637800079228603
15000US481130076043,0.8182482125038313
15000US481130076052,0.9327250328599156
15000US481130076051,0.9656550808475503
15000US481130076011,0.9546629141404157
15000US481130078254,0.851016834476786
15000US481130131051,0.7693228103074519
15000US481130078252,0.9993905593277899
15000US481130078271,0.9908065762685819
15000US481130130092,0.9709386079773266
15000US481130076041,0.9999675779247572
15000US481130131022,0.9992285792649394
15000US481130130081,0.716564726617223
15000US481130095002,0.9562880252100496
15000US481130078253,0.9996233905534553
15000US481130078232,0.13023579507147645
15000US481130131053,0.9994144622226397
15000US481130131054,0.5871295102941194
15000US481130078255,1.0000000000003442
15000US481130131052,0.9931919191157065
15000US481130130091,0.6293582006526923
15000US481130078231,0.3468027183774625
15000US481130078251,0.8802152718321821
15000US481130078113,0.6438217496444305
15000US481130078114,0.9422142612728108
15000US481130078121,0.9065697457529239
15000US481130133002,0.967700070968459
15000US481130096094,0.9845483130954368
15000US481130096093,1.0
15000US481130131013,0.8464264620106421
15000US481130078052,0.5021621886205528
15000US481130078053,0.8633685057106503
15000US481130185062,0.48675142748961847
15000US481130078112,0.5549022788644741
15000US481130134002,0.9081500928012438
15000US481130134001,0.914940305293645
15000US481130135001,0.7763509604193509
15000US481130135002,0.9290242849184532
15000US481130078111,0.7195629547360591
15000US481130078103,0.882052932710153
15000US481130185032,0.9855600156436145
15000US481130131012,0.9343771906844348
15000US481130078051,0.41402691408901243
15000US481130078104,0.6657575191226784
15000US481130131011,0.9621398176226356
15000US481130133001,0.9331548306568056
15000US481130195023,0.00829411541603853
15000US481130079133,0.5517380227801759
15000US481130193021,0.03154011439375585
15000US481130079131,0.782694995085278
15000US481130079021,0.8352928819375856
15000US481130079022,0.9167914970436578
15000US481130079091,0.028043942203351376
15000US481130193012,0.0016330470094469366
15000US481130079024,0.37846464606960467
15000US481130079092,0.5878324693530307
15000US481130079102,0.0
15000US481130129005,0.876788853192214
15000US481130079031,0.7052876319427096
15000US481130195011,0.006825425757687725
15000US481130193013,0.0005882049574062126
15000US481130073021,0.9294302063423
15000US481130073022,0.8425539852536712
15000US481130079101,0.0
15000US481130079062,0.3226891963211933
15000US481130073012,0.5719888821534417
15000US481130129002,0.9794659258302288
15000US481130073011,0.9470705379540063
15000US481130079122,0.5183293686632618
15000US481130073023,0.6584823378789609
15000US481130078091,0.2741348816731828
15000US481130078092,0.8284491852888461
15000US481130195012,0.0023589784296415206
15000US481130193011,0.005844076754419671
15000US481130195013,5.181381262682739e-08
15000US481130079112,0.022348407987492488
15000US481130073024,0.7659820430565818
15000US481130079061,0.9469881934964545
15000US481130079111,0.0
15000US481130079121,0.20831460552073772
15000US481130078191,0.4934413839908446
15000US481130098025,0.6019428615679633
15000US481130130044,0.9998044692155508
15000US481130078182,0.993219761082574
15000US481130094011,0.9116609389403232
15000US481130078181,0.9995676139384047
15000US481130078201,0.6093774722148873
15000US481130078203,0.9282805052946786
15000US481130130045,0.8545297284609547
15000US481130077002,0.7186922787591443
15000US481130094021,0.8360108116844185
15000US481130130054,0.666853056424262
15000US481130130053,0.7037167258062741
15000US481130078184,0.9017998810101598
15000US481130078192,0.9155388666108915
15000US481130078202,0.9161303753306566
15000US481130130043,0.7576379217466497
15000US481130077004,0.8268165755278325
15000US481130078183,0.7143902504725758
15000US481130078261,0.5451228224461289
15000US481130098023,1.0
15000US481130206002,0.9444344425353729
15000US481130078211,0.9994815218444015
15000US481130094012,0.9215835741855468
15000US481130078011,0.5690465964095074
15000US481130078213,0.7918145791686392
15000US481130130042,0.9706727667316771
15000US481130206001,0.9727318849781661
15000US481130078212,0.8491316151114633
15000US481130078151,0.16784155531663084
15000US481130078242,0.9444734903962947
15000US481130004063,0.5331476131260829
15000US481130142041,0.0
15000US481130072014,0.17057098244217897
15000US481130072015,0.7459794760812798
15000US481130072012,0.4796051874672404
15000US481130072023,0.2055371826876086
15000US481130072013,0.19437589244082432
15000US481130072025,0.12019374783161389
15000US481130072022,0.9999919117023914
15000US481130072021,0.9997697220041927
15000US481130072011,0.4661553558182875
15000US481130142064,0.0
15000US481130072024,0.45726880627793387
15000US481130098024,0.8914493805122657
15000US481130098043,0.7048719908433323
15000US481130098042,0.8054424431719247
15000US481130011022,0.9725514239378478
15000US481130007023,0.0
15000US481130001001,0.9326096189211921
15000US481130004042,0.07084713498909603
15000US481130004043,0.0
15000US481130006015,0.0
15000US481130011012,0.07360768258679033
15000US481130006034,0.0
15000US481130010011,0.125698518771978
15000US481130006032,0.0
15000US481130007022,0.0
15000US481130011021,0.9995184149987534
15000US481130010012,0.23706712988156686
15000US481130004041,0.0
15000US481130198003,0.0
15000US481130081005,0.8843199963733714
15000US481130080005,0.8611705832317734
15000US481130006014,0.0
15000US481130002021,0.4815851437174088
15000US481130080006,0.9082655562996126
15000US481130006012,0.0
15000US481130081001,0.7861796352680184
15000US481130003003,0.0037895769491112776
15000US481130002013,0.9469342335962372
15000US481130198004,0.0
15000US481130006013,0.0
15000US481130196002,0.0
15000US481130007021,0.0
15000US481130197001,0.0
15000US481130004065,0.27346655457329566
15000US481130198001,0.00036119658495805497
15000US481130080001,0.9997785377435463
15000US481130004062,0.6270591670394823
15000US481130002023,0.41989957781608694
15000US481130003001,0.39189012032839304
15000US481130006011,0.5181627652236799
15000US481130002012,0.880222278544246
15000US481130196001,0.0008984211743014333
15000US481130071023,0.37321397852941546
15000US481130004061,0.9610235139004479
15000US481130004064,0.9222141018552124
15000US481130003002,0.6612691400460137
15000US481130080003,0.8978062461857724
15000US481130080002,0.9999327810650885
15000US481130002022,0.8796381161294538
15000US481130071025,0.9842198745157634
15000US481130002011,0.883170875997234
15000US481130071024,0.47964310158149126
15000US481130071012,0.008350652565340486
15000US481130079141,0.6932099449681297
15000US481130193023,0.001796743028140379
15000US481130080004,0.9988947675362392
15000US481130195024,1.4665425915045115e-06
15000US481130079023,0.9274074893480942
15000US481130193024,0.0008676849015813715
15000US481130129004,0.9776157111102829
15000US481139801001,0.0048901605454661715
15000US481130079142,0.9985567758113091
15000US481130079032,0.9999207196640413
15000US481130129003,0.910109114220427
15000US481130079132,0.879281935711709
15000US481130071022,0.46975879250749775
15000US481130071011,0.7589963950338215
15000US481130071021,0.8536021753375916
15000US481130079025,1.0
15000US481130100002,0.3608790790163844
15000US481130201001,0.009879514042116226
15000US481130069001,0.2766787251135177
15000US481130106022,0.9999922010696093
15000US481130106021,0.49693221340435445
15000US481130205001,0.0
15000US481130105002,0.16204433053338985
15000US481130106011,0.6593527281060227
15000US481130106013,0.22463133090395251
15000US481130150001,0.0006949143581395719
15000US481130205002,0.44208830656943876
15000US481130106012,0.9387951884656294
15000US481130105001,0.8879312285203921
15000US481130201002,0.002590633115530741
15000US481130044002,0.22363215787123164
15000US481130115002,0.8743006160286846
15000US481130038002,0.0
15000US481130044003,0.11838049804514714
15000US481130020002,0.0
15000US481130115001,0.7477431540538786
15000US481130020001,0.0
15000US481130037003,0.0
15000US481130037002,0.0
15000US481130039011,0.005046287338869075
15000US481130042011,0.8845648282426344
15000US481130204001,0.0
15000US481130034002,0.0
15000US481130084006,0.9999999999999737
15000US481130203003,0.0
15000US481130037001,0.0
15000US481130084004,0.9586201855410936
15000US481130043003,0.30340452309932897
15000US481130027022,0.0
15000US481130203002,0.0
15000US481130084003,0.9950568034424654
15000US481130027011,0.016113011431086264
15000US481130043001,0.10293737621380071
15000US481130027021,0.0
15000US481130027012,0.0
15000US481130084005,0.9215193061270062
15000US481130084001,0.3941629190899243
15000US481130027013,0.009407585836586558
15000US481130043002,0.22674700178807639
15000US481130204003,0.0
15000US481130203001,0.05122044071851242
15000US481130027014,0.0011104287605328373
15000US481130204002,0.02310991557077205
15000US481130031012,0.0
15000US481130084002,0.7110082637639797
15000US481130101023,0.794716259587312
15000US481130031011,0.0
15000US481130101013,0.837815259221273
15000US481130122063,0.9999870679538038
15000US481130021001,0.0
15000US481130101021,0.8393775881955727
15000US481130025001,0.513061828045259
15000US481130084007,0.43633942834390144
15000US481130101022,0.9505117433846022
15000US481130021002,0.0
15000US481130025004,0.4695041103830274
15000US481130101012,0.9654729820805078
15000US481130025003,0.27280262877974076
15000US481130025002,0.7636430068646678
15000US481130122061,0.7168501364128004
15000US481130122062,0.9243712235468433
15000US481130022002,0.14659404429868647
15000US481130100001,0.39983796714856945
15000US481130101011,0.9327554222937932
15000US481130019002,0.0
15000US481130024002,0.1432399510981116
15000US481130022001,0.0
15000US481130017011,0.03981864967324812
15000US481130017042,0.0
15000US481130015022,0.16368885293546784
15000US481130015024,0.656040270440304
15000US481130016001,0.060598391611622546
15000US481130019001,0.0
15000US481130015023,0.11152238951256482
15000US481130122082,0.3396694445384337
15000US481130017032,0.21580508002295087
15000US481130024003,0.004050844019573412
15000US481130015044,0.3802978062457968
15000US481130017041,0.0
15000US481130015021,0.00014102849342133856
15000US481130107032,0.4590357480269041
15000US481130064023,0.6872169160327416
15000US481130107041,0.6425725505267897
15000US481130159003,0.26267833638017235
15000US481130064022,0.9586813160863396
15000US481130065013,0.992073965041304
15000US481130065012,0.9593407294214984
15000US481130053003,0.8680084987311454
15000US481130053004,0.9458786881420324
15000US481130107042,0.3292157955155675
15000US481130199003,0.07263667791178503
15000US481130199004,0.011042061498317183
15000US481130053002,0.00396224876633176
15000US481130053001,0.586986677025731
15000US481130159002,0.0
15000US481130067004,0.9863545641756462
15000US481130045004,0.9787360026394025
15000US481130199001,0.0
15000US481130199002,0.0
15000US481130107031,0.7446259088325937
15000US481130159001,0.0
15000US481130067002,0.36631377052641245
15000US481130107012,0.5692384691537794
15000US481130045003,0.9228773948382417
15000US481130067001,0.886241178044522
15000US481130067003,0.9620819790240842
15000US481130045002,0.7569008528921691
15000US481130068001,0.6216241905073394
15000US481130068002,0.4679137099692042
15000US481130069003,0.5269543047529839
15000US481130158001,0.036042665654959866
15000US481130068003,0.5082411872344031
15000US481130107011,0.1870790758325838
15000US481130069002,0.9692584388421086
15000US481130054004,0.8396890615304232
15000US481130093031,0.16608749861399374
15000US481130088011,0.956193238802489
15000US481130093033,0.9895156321336677
15000US481130093032,0.9992539971449075
15000US481130055003,0.7172050913311542
15000US481130086031,0.15637896575601604
15000US481130055002,0.9212378580689763
15000US481130063021,0.9324507984398479
15000US481130062003,0.5660669793486242
15000US481130054003,0.9998508616471233
15000US481130063022,0.8993009697467713
15000US481130062001,0.9988044840332302
15000US481130062002,0.9822034336711095
15000US481130053005,0.9164968222775276
15000US481130049001,0.9620061525408358
15000US481130054001,0.923346506502409
15000US481130051002,0.9308076199012342
15000US481130055001,0.7320087502817308
15000US481130049004,0.9272497244760073
15000US481130089003,0.8483390337464732
15000US481130050003,0.913718432284814
15000US481130086032,0.40281815298443124
15000US481130115003,0.0
15000US481130049003,0.943300409852993
15000US481130091032,0.7052116255552721
15000US481130052003,0.9620543295454719
15000US481130052004,0.6949618338916672
15000US481130052002,0.7882359895860732
15000US481130048004,0.3720268192555006
15000US481130051001,0.6528612467640074
15000US481130050002,0.350691060729617
15000US481130050001,0.22826492094372394
15000US481130040002,0.0
15000US481130091031,0.9989104379102786
15000US481130089002,0.6983155157065533
15000US481130039021,0.0
15000US481130049002,0.6404834440365849
15000US481130052001,0.5224795333940221
15000US481130048003,0.3474180157225269
15000US481130115004,0.4058384496283959
15000US481130089001,0.217255173271399
15000US481130041001,0.09830594165889794
15000US481130047001,0.1729618687696641
15000US481130046001,0.0831072746202687
15000US481130046002,0.25255116932379357
15000US481130047002,0.0
15000US481130047003,0.07801130481676723
15000US481130048001,0.00773115067463709
15000US481130045001,0.459887030827488
15000US481130048002,0.44604203817749777
15000US481130040001,0.0
15000US481130039022,0.0
15000US481130020004,1.1806364388503141e-05
15000US481130042021,0.0015820310395355211
15000US481130042014,0.0
15000US481130042015,0.0
15000US481130042022,0.08789519722205559
15000US481130038001,0.0
15000US481130042012,0.5560668664772949
15000US481130042023,0.6185679869452244
15000US481130020003,0.006129512770098646
15000US481130020005,0.0
15000US481130041002,0.13673927172613246
15000US481130044001,0.0023698101223387424
15000US481130039012,0.0
15000US481130038003,0.0
15000US481130037004,0.0
15000US481130034001,0.0
15000US481130042013,0.03405453976599325
15000US481130108032,0.9747963181967898
15000US481130108031,0.9681286701607963
15000US481130165201,0.3082367127255319
15000US481130108042,0.8427661736135649
15000US481130163011,0.3872035645720469
15000US481130108014,0.9455286949138062
15000US481130108051,0.8080921140481916
15000US481130108053,0.27407964944318025
15000US481130163013,0.7163326297364461
15000US481130108052,0.47224767416140234
15000US481130108041,0.37895280813967125
15000US481130108013,0.7260520671998538
15000US481130108011,0.40905237146786666
15000US481130108012,0.9156747569562415
15000US481130065023,0.35554003316881677
15000US481130064024,0.98073169174465
15000US481130064021,0.8755149434927847
15000US481130065021,0.9944783235150277
15000US481130064012,0.788358816373375
15000US481130064011,0.9991674482599389
15000US481130163012,0.21938533149815492
15000US481130065022,0.9998487698420971
15000US481130065011,0.9971688814110575
15000US481130165192,0.001108202266166736
15000US481130165101,0.20743067358734518
15000US481130165191,0.0
15000US481130109023,0.8004405665983979
15000US481130164121,0.3319522509349749
15000US481130109022,0.8035283313673792
15000US481130109021,0.590994416555438
15000US481130165211,0.49755554935486196
15000US481130109042,0.49942453440670437
15000US481130165023,0.0
15000US481130165025,0.0
15000US481130109032,0.9317004710685763
15000US481130164122,0.2161808476235817
15000US481130165021,0.0009638584808879207
15000US481130165022,0.0
15000US481130109031,0.4099282551515709
15000US481130109041,0.06536512886033714
15000US481130165203,0.6079719448329436
15000US481130164092,0.0009937331113662087
15000US481130164091,0.6366725137722359
15000US481130165202,0.5680531588705359
15000US481130165212,0.4105116565985325
15000US481130108033,0.9280524322930411
15000US481130108035,0.6032250445829991
15000US481130164081,0.633532979081194
15000US481130108036,0.9494372728807812
15000US481130108034,0.3761158334525358
15000US481130165221,0.05918483559798079
15000US481130164112,0.004061811922159168
15000US481130165143,0.0001887409183305085
15000US481130165112,0.5312046828926452
15000US481130165133,0.0011861556422878938
15000US481130166063,0.0
15000US481130165111,0.7347889943239122
15000US481130165103,0.614861514812934
15000US481130165132,0.00481981465565737
15000US481130165104,0.9217956123395356
15000US481130165171,0.00371664341807166
15000US481130166061,0.01107514426747213
15000US481130165102,0.5150003902803222
15000US481130165131,0.0036054775962700452
15000US481130164132,0.06725275200717767
15000US481130166073,0.8242137422601669
15000US481130166071,0.9838776047873712
15000US481130166072,0.5944029916696615
15000US481130167034,0.0
15000US481130167031,0.26673300609938394
15000US481130167033,0.004764752613617683
15000US481130169022,0.00033526168598128317
15000US481130166052,0.08591847722516317
15000US481130166051,0.8408555551006632
15000US481130111053,0.23624968571249727
15000US481130111044,0.5291641563219782
15000US481130111043,0.9995819206529373
15000US481130111013,0.5835788961220562
15000US481130111052,0.7376623119145566
15000US481130111042,1.0001155943941553
15000US481130167014,0.5319250314118564
15000US481130167011,0.6837567879654689
15000US481130111051,0.9366564377724403
15000US481130111012,0.9249746405732983
15000US481130112001,0.7032403032204569
15000US481130111041,0.9640203271363746
15000US481130167012,0.6676322012300422
15000US481130167013,0.9796493280381237
15000US481130113001,0.7883003305100037
15000US481130111033,0.9696804521079752
15000US481130111011,0.8826935137529401
15000US481130111031,0.6418253244544215
15000US481130111032,1.000159227392783
15000US481130202002,0.974885472083081
15000US481130113003,0.9816622212704208
15000US481130114013,0.804656093972941
15000US481130110016,0.9999692805425168
15000US481130114012,0.9539854263552235
15000US481130110014,0.9999943506205647
15000US481130202003,0.4244288188191845
15000US481130113002,0.895364693116202
15000US481130112003,0.8713553737396469
